age_marker,age,asthma,allergy,EO,smoker,sex,miR 125,miR 203,follow_treatment,SNOT,HPQ-9,LM,endoscopy,SNOT.1,HPQ-9.1,POSE
0,2,1.0,0.5,0,0,1.0,2,2,0,0.02,0.07407407407407407,0.08333333333333333,0.3333333333333333,0.12,0.4444444444444444,0.375
